{
  "timestamp": "20260605_133808",
  "metrics": {
    "faithfulness": 0.8067763873553346,
    "answer_relevancy": 0.8196265924452986,
    "context_precision": 0.6783333332929999,
    "context_recall": 0.7204761904761905
  },
  "num_samples": 10
}