{
  "timestamp": "20260605_152437",
  "metrics": {
    "faithfulness": 0.8739598452169742,
    "answer_relevancy": 0.8795986392407761,
    "nv_context_relevance": 0.9815789473684211,
    "context_recall": 0.9385964912280702
  },
  "num_samples": 95
}