{
  "timestamp": "20260605_134330",
  "metrics": {
    "faithfulness": 0.8523396112831098,
    "answer_relevancy": 0.7807622585944108,
    "context_precision": 0.60333333329825,
    "context_recall": 0.7204761904761905
  },
  "num_samples": 10
}