{
  "timestamp": "20260605_144224",
  "metrics": {
    "faithfulness": 0.8033526999316474,
    "answer_relevancy": 0.9312284120699701,
    "nv_context_relevance": 1.0,
    "context_recall": 0.7204761904761905
  },
  "num_samples": 10
}