{
  "timestamp": "20260605_145851",
  "metrics": {
    "faithfulness": 0.8295229408272886,
    "answer_relevancy": 0.807630161110834,
    "nv_context_relevance": 1.0,
    "context_recall": 0.7371428571428571
  },
  "num_samples": 10
}